Occupation,First Name,Last Name
http://portal.nysed.gov/pls/sedrefpublic/sed_inst_qry$admpos.QueryViewByKey?P_ADMIN_POS_ID=94076&P_3=800000051690&Z_CHK=26549
http://portal.nysed.gov/pls/sedrefpublic/sed_inst_qry$admpos.QueryViewByKey?P_ADMIN_POS_ID=79614&P_3=800000051690&Z_CHK=27571
http://portal.nysed.gov/pls/sedrefpublic/sed_inst_qry$admpos.QueryViewByKey?P_ADMIN_POS_ID=65576&P_3=800000051690&Z_CHK=27575
http://portal.nysed.gov/pls/sedrefpublic/sed_inst_qry$admpos.QueryViewByKey?P_ADMIN_POS_ID=77259&P_3=800000051690&Z_CHK=28087
http://portal.nysed.gov/pls/sedrefpublic/sed_inst_qry$admpos.QueryViewByKey?P_ADMIN_POS_ID=51688&P_3=800000051690&Z_CHK=28593
http://portal.nysed.gov/pls/sedrefpublic/sed_inst_qry$admpos.QueryViewByKey?P_ADMIN_POS_ID=77260&P_3=800000051690&Z_CHK=23481
http://portal.nysed.gov/pls/sedrefpublic/sed_inst_qry$admpos.QueryViewByKey?P_ADMIN_POS_ID=104740&P_3=800000051690&Z_CHK=55440
http://portal.nysed.gov/pls/sedrefpublic/sed_inst_qry$admpos.QueryViewByKey?P_ADMIN_POS_ID=104294&P_3=800000051690&Z_CHK=56468
http://portal.nysed.gov/pls/sedrefpublic/sed_inst_qry$admpos.QueryViewByKey?P_ADMIN_POS_ID=94941&P_3=800000051690&Z_CHK=28591
http://portal.nysed.gov/pls/sedrefpublic/sed_inst_qry$admpos.QueryViewByKey?P_ADMIN_POS_ID=94077&P_3=800000051690&Z_CHK=27061
http://portal.nysed.gov/pls/sedrefpublic/sed_inst_qry$admpos.QueryViewByKey?P_ADMIN_POS_ID=89365&P_3=800000051690&Z_CHK=27069
http://portal.nysed.gov/pls/sedrefpublic/sed_inst_qry$admpos.QueryViewByKey?P_ADMIN_POS_ID=89366&P_3=800000051690&Z_CHK=27581
http://portal.nysed.gov/pls/sedrefpublic/sed_inst_qry$admpos.QueryViewByKey?P_ADMIN_POS_ID=86781&P_3=800000051690&Z_CHK=27067
http://portal.nysed.gov/pls/sedrefpublic/sed_inst_qry$admpos.QueryViewByKey?P_ADMIN_POS_ID=77261&P_3=800000051690&Z_CHK=23993
http://portal.nysed.gov/pls/sedrefpublic/sed_inst_qry$admpos.QueryViewByKey?P_ADMIN_POS_ID=77257&P_3=800000051690&Z_CHK=27063
